,Task1 Acc,Task2 Acc,Task3 Acc,Task4 Acc,Task5 Acc,Task6 Acc,Task7 Acc,Task8 Acc,Task9 Acc
Eval After Task1,0.8413649025069638
Eval After Task2,0.1766016713091922,0.9058754750073078
Eval After Task3,0.01754874651810585,0.2861736334405145,0.5784686971235194
Eval After Task4,0.001392757660167131,0.17655656240865245,0.3295685279187817,0.9294889314020224
Eval After Task5,0.0012534818941504179,0.2595732242034493,0.26954314720812184,0.2905165345722875,0.8618346545866364
Eval After Task6,0.00041782729805013927,0.08535515931014323,0.35277072758037226,0.003552883301448483,0.039637599093997736,0.9661751951431049
Eval After Task7,0.0002785515320334262,0.0008769365682548962,0.3312817258883249,0.0,0.02491506228765572,0.0,0.9828993392926545
Eval After Task8,0.0018105849582172701,0.08564747149956153,0.3016497461928934,0.0,0.02491506228765572,0.004336513443191674,0.6090167120093276,0.8269230769230769
Eval After Task9,0.00403899721448468,0.08886290558316282,0.27320219966159054,0.001639792292976223,0.0,0.0008673026886383347,0.003497862417411582,0.5,0.8397435897435898
