,Task1 Acc,Task2 Acc,Task3 Acc,Task4 Acc,Task5 Acc
Eval After Task1,0.6688279301745635
Eval After Task2,0.09975062344139651,0.435
Eval After Task3,0.0,0.0,0.75
Eval After Task4,0.0,0.0,0.0,0.7952646239554317
Eval After Task5,0.0,0.0,0.015,0.5601671309192201,0.8189102564102564
