,Task1 Acc,Task2 Acc,Task3 Acc,Task4 Acc,Task5 Acc,Task6 Acc
Eval After Task1,0.8117811084001394
Eval After Task2,0.6012547926106657,0.969685192382433
Eval After Task3,0.6685256186824677,0.8904003109211037,0.9792418772563177
Eval After Task4,0.4796096200766818,0.8239409249902837,0.9503610108303249,0.9708963911525029
Eval After Task5,0.5632624607877309,0.8468713563933152,0.9548736462093863,0.8684516880093132,0.8012820512820513
Eval After Task6,0.5733705123736493,0.8561989895064127,0.9530685920577617,0.8445867287543656,0.6730769230769231,0.8509615384615384
