,Task1 Acc,Task2 Acc,Task3 Acc,Task4 Acc,Task5 Acc,Task6 Acc,Task7 Acc,Task8 Acc,Task9 Acc
Eval After Task1,0.8385793871866295
Eval After Task2,0.8125348189415041,0.9397836889798304
Eval After Task3,0.6825905292479109,0.6688102893890675,0.6287436548223351
Eval After Task4,0.6069637883008356,0.6255480853551593,0.593824027072758,0.9497130363487292
Eval After Task5,0.58008356545961,0.5933937445191464,0.5688451776649747,0.25990707843673133,0.9184597961494904
Eval After Task6,0.5933147632311978,0.6077170418006431,0.5780033840947546,0.010112052473353375,0.0,0.9618386816999133
Eval After Task7,0.5396935933147632,0.5510084770534931,0.5514593908629442,0.003552883301448483,0.0,0.0,0.9852312475709288
Eval After Task8,0.5352367688022284,0.575270388775212,0.5450507614213198,0.006012571740912818,0.0,0.0,0.16828604741546832,0.8076923076923077
Eval After Task9,0.5655988857938719,0.5480853551593101,0.5529187817258884,0.018037715222738452,0.0,0.013009540329575022,0.7617567042363,0.17307692307692307,0.8108974358974359
