,Task1 Acc,Task2 Acc,Task3 Acc,Task4 Acc,Task5 Acc
Eval After Task1,0.7017456359102244
Eval After Task2,0.6448877805486284,0.485
Eval After Task3,0.6713216957605985,0.26,0.749
Eval After Task4,0.5760598503740648,0.4025,0.66,0.8576601671309192
Eval After Task5,0.6059850374064838,0.035,0.619,0.8352367688022284,0.844551282051282
