,Task1 Acc,Task2 Acc,Task3 Acc
Eval After Task1,0.8069637883008357
Eval After Task2,0.4505571030640669,0.8348436129786612
Eval After Task3,0.0,0.0,0.6102580372250423
