,Task1 Acc,Task2 Acc,Task3 Acc,Task4 Acc,Task5 Acc
Eval After Task1,0.6688279301745635
Eval After Task2,0.0,0.435
Eval After Task3,0.0,0.0,0.421
Eval After Task4,0.0,0.0,0.215,0.5615598885793872
Eval After Task5,0.0,0.0,0.177,0.0,0.6458333333333334
