,Task1 Acc,Task2 Acc,Task3 Acc,Task4 Acc,Task5 Acc,Task6 Acc,Task7 Acc,Task8 Acc,Task9 Acc
Eval After Task1,0.753899721448468
Eval After Task2,0.10306406685236769,0.1353405437006723
Eval After Task3,0.31337047353760444,0.47149956153171585,0.45666243654822336
Eval After Task4,0.0,0.0,0.1487098138747885,0.0
Eval After Task5,0.0,0.0,0.0,0.0,0.49943374858437145
Eval After Task6,0.0,0.0,0.0,0.0,0.0,0.6348655680832611
Eval After Task7,0.0,0.0,0.0,0.0,0.0,0.0,0.7135639331519626
Eval After Task8,0.0,0.0,0.0,0.0,0.0,0.0,0.7135639331519626,0.0
Eval After Task9,0.0,0.0,0.0,0.0,0.0,0.0,0.0,0.0,0.625
