,Task1 Acc,Task2 Acc,Task3 Acc,Task4 Acc,Task5 Acc,Task6 Acc,Task7 Acc,Task8 Acc,Task9 Acc
Eval After Task1,0.6037604456824512
Eval After Task2,0.07381615598885793,0.4215141771411868
Eval After Task3,0.0,0.0,0.48045685279187816
Eval After Task4,0.0,0.0,0.19591793570219967,0.7113965564361847
Eval After Task5,0.0,0.0,0.2336082910321489,0.0765236403388904,0.47791619479048697
Eval After Task6,0.0,0.0,0.183248730964467,0.0,0.0,0.9288811795316565
Eval After Task7,0.0,0.0,0.16916243654822335,0.0,0.0,0.0,0.9020598523124758
Eval After Task8,0.0,0.0,0.16442470389170896,0.00027329871549603714,0.0,0.0,0.023319082782743878,0.7307692307692307
Eval After Task9,0.0,0.0,0.12671319796954314,0.0,0.0,0.0,0.0,0.0,0.8477564102564102
