,Task1 Acc,Task2 Acc,Task3 Acc,Task4 Acc,Task5 Acc
Eval After Task1,0.7137157107231921
Eval After Task2,0.7127182044887781,0.5525
Eval After Task3,0.655361596009975,0.4275,0.742
Eval After Task4,0.5810473815461347,0.0,0.643,0.8484679665738162
Eval After Task5,0.6059850374064838,0.0,0.634,0.8243732590529248,0.8589743589743589
