,Task1 Acc,Task2 Acc,Task3 Acc
Eval After Task1,0.5692200557103064
Eval After Task2,0.5089136490250696,0.5670856474714996
Eval After Task3,0.0,0.049108447822274186,0.49591793570219966
