,Task1 Acc,Task2 Acc,Task3 Acc,Task4 Acc,Task5 Acc,Task6 Acc
Eval After Task1,0.6057859881491809
Eval After Task2,0.0,0.8406529343179169
Eval After Task3,0.0,0.0,0.98014440433213
Eval After Task4,0.0,0.0,0.0,0.6915017462165308
Eval After Task5,0.0,0.0,0.0,0.0,0.7307692307692307
Eval After Task6,0.0,0.0,0.0,0.0,0.0,0.657051282051282
