,Task1 Acc,Task2 Acc,Task3 Acc
Eval After Task1,0.5692200557103064
Eval After Task2,0.5147632311977716,0.5524700380005846
Eval After Task3,0.0,0.13095586085939784,0.4913917089678511
