,Task1 Acc,Task2 Acc,Task3 Acc
Eval After Task1,0.5692200557103064
Eval After Task2,0.6176880222841226,0.6384098216895645
Eval After Task3,0.6001392757660167,0.740719087985969,0.48233925549915396
