,Task1 Acc,Task2 Acc,Task3 Acc,
Eval After Task1,0.569220056,,,
Eval After Task2,0.517827298,0.550716165,,
Eval After Task3,0.005153203,0.176848875,0.488028765,0.223343614
