,Task1 Acc,Task2 Acc,Task3 Acc
Eval After Task1,0.5692200557103064
Eval After Task2,0.11643454038997214,0.5057000876936568
Eval After Task3,0.0,0.0,0.47385786802030455
