After task,Task1,Task2,Task3,Task4
1,0.7738161683082581,0.0,0.0,0.0
2,0.7371866106987,0.8349359035491943,0.0,0.0
3,0.7438718676567078,0.8253205418586731,0.6688279509544373,0.0
4,0.7302228212356567,0.8333333134651184,0.2937655746936798,0.16249999403953552
btw,-0.04359334707260132,-0.0016025900840759277,-0.37506237626075745,0.0,-0.14008610447247824
ftw,0.0,0.0,0.0,0.0
