,Task1 Acc,Task2 Acc,Task3 Acc,Task4 Acc,Task5 Acc,Task6 Acc
Eval After Task1,0.8696409898919484
Eval After Task2,0.7222028581387243,0.9448115040808395
Eval After Task3,0.7309166957127919,0.9358725223474543,0.9657039711191335
Eval After Task4,0.6692227256883931,0.84764865915274,0.9485559566787004,0.9359720605355064
Eval After Task5,0.6803764377831997,0.8472600077730276,0.9449458483754513,0.8963911525029103,0.7692307692307693
Eval After Task6,0.6817706517950506,0.8589195491643995,0.9467509025270758,0.8736903376018627,0.8141025641025641,0.8605769230769231
