,Task1 Acc,Task2 Acc,Task3 Acc
Eval After Task1,0.5675487465181058
Eval After Task2,0.5871866295264624,0.5720549546916106
Eval After Task3,0.5768802228412256,0.5849166910260157,0.49325296108291034
