,Task1 Acc,Task2 Acc,Task3 Acc,Task4 Acc,Task5 Acc,Task6 Acc
Eval After Task1,0.8211920529801324
Eval After Task2,0.6124085047054723,0.9634667703070345
Eval After Task3,0.6584175670965493,0.8834045860862806,0.9810469314079422
Eval After Task4,0.491111885674451,0.8270501360279829,0.9449458483754513,0.970314318975553
Eval After Task5,0.5569884977344022,0.881849980567431,0.9512635379061372,0.8585564610011641,0.8076923076923077
Eval After Task6,0.5670965493203207,0.8628060629615235,0.9611913357400722,0.8370197904540163,0.6858974358974359,0.8413461538461539
