After task,Task1,Task2,Task3,Task4
1,0.7770195007324219,0.0,0.0,0.0
2,0.7424790859222412,0.8269230723381042,0.0,0.0
3,0.7433147430419922,0.8477563858032227,0.6683291792869568,0.0
4,0.7149025201797485,0.8413461446762085,0.2937655746936798,0.0024999999441206455
btw,-0.06211698055267334,0.014423072338104248,-0.374563604593277,0.0,-0.140752504269282
ftw,0.0,0.0,0.0,0.0
