,Task1 Acc,Task2 Acc,Task3 Acc
Eval After Task1,0.5692200557103064
Eval After Task2,0.5112813370473538,0.5667933352820813
Eval After Task3,0.0,0.015784858228588133,0.4976522842639594
