,Task1 Acc,Task2 Acc,Task3 Acc
Eval After Task1,0.6662952646239554
Eval After Task2,0.5405292479108635,0.4200526161940953
Eval After Task3,0.5554317548746518,0.6498099970768781,0.5064720812182741
