,Task1 Acc,Task2 Acc,Task3 Acc
Eval After Task1,0.5926183844011143
Eval After Task2,0.5247910863509749,0.5095001461560947
Eval After Task3,0.5282729805013927,0.5074539608301666,0.48959390862944163
