,Task1 Acc,Task2 Acc,Task3 Acc
Eval After Task1,0.5692200557103064
Eval After Task2,0.11727019498607243,0.5074539608301666
Eval After Task3,0.0,0.0,0.4723984771573604
