,Task1 Acc,Task2 Acc,Task3 Acc,Task4 Acc,Task5 Acc,Task6 Acc
Eval After Task1,0.6057859881491809
Eval After Task2,0.5109794353433252,0.7462106490478041
Eval After Task3,0.5364238410596026,0.6626506024096386,0.907942238267148
Eval After Task4,0.3855001742767515,0.27555382821609015,0.8610108303249098,0.6385331781140862
Eval After Task5,0.3555245730219589,0.47143412359113873,0.7734657039711191,0.013969732246798603,0.7115384615384616
Eval After Task6,0.5291042174973859,0.6000777302759425,0.881768953068592,0.3189755529685681,0.46794871794871795,0.8413461538461539
