,Task1 Acc,Task2 Acc,Task3 Acc
Eval After Task1,0.7814763231197771
Eval After Task2,0.7084958217270195,0.825781935106694
Eval After Task3,0.6194986072423398,0.5486699795381468,0.6272419627749577
