,Task1 Acc,Task2 Acc,Task3 Acc
Eval After Task1,0.8306406685236769
Eval After Task2,0.017688022284122563,0.9298450745396083
Eval After Task3,0.0,0.0,0.5970812182741116
