,Task1 Acc,Task2 Acc,Task3 Acc
Eval After Task1,0.8132311977715877
Eval After Task2,0.5598885793871866,0.8965214849459222
Eval After Task3,0.020891364902506964,0.0,0.601015228426396
