,Task1 Acc,Task2 Acc,Task3 Acc,Task4 Acc,Task5 Acc
Eval After Task1,0.9995271867612293
Eval After Task2,0.9990543735224586,0.9892262487757101
Eval After Task3,0.9929078014184397,0.9794319294809011,0.9973319103521878
Eval After Task4,0.9673758865248226,0.9534769833496572,0.532017075773746,0.9974823766364552
Eval After Task5,0.9134751773049645,0.6616062683643487,0.9765208110992529,0.5070493454179255,0.9873928391326273
