,Task1 Acc,Task2 Acc,Task3 Acc
Eval After Task1,0.5692200557103064
Eval After Task2,0.005710306406685237,0.5647471499561532
Eval After Task3,0.0,0.0,0.49896362098138747
