,Task1 Acc,Task2 Acc,Task3 Acc,Task4 Acc,Task5 Acc
Eval After Task1,0.999527187,,,,
Eval After Task2,0.999054374,0.986777669,,,
Eval After Task3,0.997635934,0.980901077,0.99733191,,
Eval After Task4,0.995271868,0.973065622,0.647278549,0.997482377,
Eval After Task5,0.996690307,0.764446621,0.961045891,0.651560926,0.863338376
