,Task1 Acc,Task2 Acc,Task3 Acc
Eval After Task1,0.5692200557103064
Eval After Task2,0.03732590529247911,0.5510084770534931
Eval After Task3,0.0,0.0,0.4901861252115059
