,Task1 Acc,Task2 Acc,Task3 Acc,Task4 Acc,Task5 Acc,Task6 Acc,Avg Acc
Eval After Task1,0.8295573592185974,0.8295573592185974
Eval After Task2,0.7898222208023071,0.8628060817718506,0.8263141512870789
Eval After Task3,0.7459045052528381,0.8721336722373962,0.9711191058158875,0.8630524277687073
Eval After Task4,0.6416869759559631,0.7846871614456177,0.9548736214637756,0.8678696155548096,0.8122793436050415
Eval After Task5,0.520738959312439,0.5514963269233704,0.7906137108802795,0.20663562417030334,0.6410256624221802,0.5421020567417145
Eval After Task6,0.6929243803024292,0.7951807379722595,0.9395306706428528,0.8323631882667542,0.75,0.8541666865348816,0.8106942772865295
