,Task1 Acc,Task2 Acc,Task3 Acc
Eval After Task1,0.5692200557103064
Eval After Task2,0.5096100278551532,0.5641625255773166
Eval After Task3,0.0,0.003215434083601286,0.49890016920473773
