,Task1 Acc,Task2 Acc,Task3 Acc
Eval After Task1,0.5612813370473537
Eval After Task2,0.0,0.310143232972815
Eval After Task3,0.0,0.0,0.5062817258883249
