,Task1 Acc,Task2 Acc,Task3 Acc
Eval After Task1,0.5692200557103064
Eval After Task2,0.5167130919220055,0.555685472084186
Eval After Task3,0.0001392757660167131,0.137971353405437,0.48965736040609137
