,Task1 Acc,Task2 Acc,Task3 Acc
Eval After Task1,0.5692200557103064
Eval After Task2,0.025069637883008356,0.5565624086524408
Eval After Task3,0.0,0.0,0.492914551607445
