,Task1 Acc,Task2 Acc,Task3 Acc,Task4 Acc,Task5 Acc,Task6 Acc
Eval After Task1,0.6057859881491809
Eval After Task2,0.57859881491809,0.8363777691410804
Eval After Task3,0.48448936911815965,0.7209483093664982,0.9792418772563177
Eval After Task4,0.23109097246427326,0.8204430625728721,0.973826714801444,0.5890570430733411
Eval After Task5,0.17880794701986755,0.6723668869024485,0.8880866425992779,0.7677532013969732,0.7307692307692307
Eval After Task6,0.06134541652143604,0.011659541391371939,0.9530685920577617,0.47497089639115253,0.7051282051282052,0.6538461538461539
