,Task1 Acc,Task2 Acc,Task3 Acc
Eval After Task1,0.5692200557103064
Eval After Task2,0.618941504178273,0.6433791289096755
Eval After Task3,0.5970752089136491,0.7445191464484069,0.48248730964467007
