,Task1 Acc,Task2 Acc,Task3 Acc
Eval After Task1,0.5692200557103064
Eval After Task2,0.5122562674094707,0.560654779304297
Eval After Task3,0.0,0.10786319789535223,0.49405668358714044
