,Task1 Acc,Task2 Acc,Task3 Acc
Eval After Task1,0.5692200557103064
Eval After Task2,0.5412256267409471,0.5171002630809705
Eval After Task3,0.3062674094707521,0.4671148786904414,0.4766497461928934
