,Task1 Acc,Task2 Acc,Task3 Acc,Task4 Acc,Task5 Acc
Eval After Task1,0.9404255319148936
Eval After Task2,0.9777777777777777,0.7654260528893242
Eval After Task3,0.9929078014184397,0.8437806072477962,0.23852721451440767
Eval After Task4,0.9971631205673759,0.8628795298726738,0.3431163287086446,0.5156092648539778
Eval After Task5,0.9971631205673759,0.8540646425073457,0.21664887940234792,0.49244712990936557,0.014624306606152295
