,Task1 Acc,Task2 Acc,Task3 Acc,Task4 Acc,Task5 Acc
Eval After Task1,0.9995271867612293
Eval After Task2,0.0,0.9872673849167483
Eval After Task3,0.0,0.0,0.9967982924226254
Eval After Task4,0.0,0.0,0.0,0.9969788519637462
Eval After Task5,0.0,0.0,0.0,0.0,0.9863842662632375
