,Task1 Acc,Task2 Acc,Task3 Acc
Eval After Task1,0.8065459610027855
Eval After Task2,0.7590529247910863,0.8985676702718504
Eval After Task3,0.6518105849582173,0.6845951476176556,0.6325084602368867
