,Task1 Acc,Task2 Acc,Task3 Acc
Eval After Task1,0.5692200557103064
Eval After Task2,0.5284122562674095,0.5477930429698918
Eval After Task3,0.04651810584958217,0.3478515054077755,0.4839890016920474
