,Task1 Acc,Task2 Acc,Task3 Acc
Eval After Task1,0.5692200557103064
Eval After Task2,0.5387186629526463,0.538146740719088
Eval After Task3,0.14651810584958216,0.43057585501315404,0.47984348561759727
