,Task1 Acc,Task2 Acc,Task3 Acc
Eval After Task1,0.5692200557103064
Eval After Task2,0.10974930362116991,0.5226541946799181
Eval After Task3,0.0,0.0,0.4774746192893401
