,Task1 Acc,Task2 Acc,Task3 Acc,Task4 Acc,Task5 Acc,Task6 Acc
Eval After Task1,0.6057859881491809
Eval After Task2,0.5099337748344371,0.7454333462883793
Eval After Task3,0.5367723945625653,0.6626506024096386,0.9070397111913358
Eval After Task4,0.3858487277797142,0.27477652545666537,0.8601083032490975,0.6373690337601863
Eval After Task5,0.35447891251307073,0.47026816945200156,0.7734657039711191,0.01338766006984866,0.7115384615384616
Eval After Task6,0.5291042174973859,0.6012436844150797,0.881768953068592,0.3149010477299185,0.46153846153846156,0.8397435897435898
