,Task1 Acc,Task2 Acc,Task3 Acc
Eval After Task1,0.26573816155988855
Eval After Task2,0.0,0.19467991815258695
Eval After Task3,0.0,0.0,0.3207275803722504
