,Task1 Acc,Task2 Acc,Task3 Acc,Task4 Acc
Eval After Task1,0.7955431754874652
Eval After Task2,0.7249303621169917,0.8413461538461539
Eval After Task3,0.4142061281337047,0.46474358974358976,0.7401496259351621
Eval After Task4,0.4664345403899721,0.4519230769230769,0.059351620947630926,0.55
