,Task1 Acc,Task2 Acc,Task3 Acc
Eval After Task1,0.5572423398328691
Eval After Task2,0.0,0.31540485238234434
Eval After Task3,0.0,0.0,0.5054991539763113
