,Task1 Acc,Task2 Acc,Task3 Acc,Task4 Acc,Task5 Acc,Task6 Acc
Eval After Task1,0.8434994771697456
Eval After Task2,0.07703032415475776,0.9786241741158181
Eval After Task3,0.09271523178807947,0.8919549164399534,0.9873646209386282
Eval After Task4,0.055768560474032766,0.08045083560046638,0.37093862815884476,0.9685681024447031
Eval After Task5,0.21366329731613803,0.649436455499417,0.6191335740072202,0.0,0.8205128205128205
Eval After Task6,0.25165562913907286,0.5806451612903226,0.7075812274368231,0.0,0.07692307692307693,0.7916666666666666
